Employee_ID,OldEmployee_ID,Position,EducationField,HireDate,Kids,Satisfaction_level,Work_remotely,Emp_Address,Satisfaction_level,Base_anual_salary
2,007 00 0 125.00,Manager C,Life Sciences,"April 9, 2013",2,0.38,No,"T23, CORK CITY, CORK COUNTY, IE",0.38,31000
3,007 00 0 130.00,Manager A,Life Sciences,"June 10, 2014",0,0.8,No,"180, GRANADA, ANDALUCIA, SP",0.8,45000
4,007 00 0 138.00,Manager A,Other,"September 26, 2016",0,0.11,No,"A94, DUBLIN, DUBLIN, IE",0.11,45000
5,007 00 0 143.00,Technical support B,Life Sciences,"January 29, 2016",0,0.72,No,"H91, GALWAY, GALWAY, IE",0.72,31000
6,007 00 0 149.00,Operator,Medical,"October 10, 2014",1,0.37,No,"070, PALMA, BALEARIC ISLANDS, IE",0.37,31000
7,007 00 0 151.00,Administrative,Life Sciences,"July 16, 2014",1,0.41,Yes,"261, LA RIOJA, SPAIN, SP",0.41,31000
8,007 14 0 002.00,Manager A,Medical,"August 28, 2014",4,0.1,No,"180, GRANADA, ANDALUCIA, SP",0.1,16000
9,007 14 0 024.00,Operator,Life Sciences,"September 27, 2016",0,0.92,No,"A94, DUBLIN, DUBLIN, IE",0.92,31000
10,007 14 0 026.00,Manager A,Life Sciences,"August 14, 2015",1,0.89,No,"H91, GALWAY, GALWAY, IE",0.89,35000
11,007 14 0 034.00,Manager A,Medical,"August 29, 2014",1,0.42,No,,0.42,
12,007 14 0A 024.00,Technical support B,Medical,"April 14, 2015",1,0.45,No,,0.45,
13,007 14 0A 027.00,Commercial sales,Life Sciences,"December 12, 2013",1,0.11,No,,0.11,
14,007 14 0B 010.00,Manager A,Life Sciences,"July 13, 2015",3,0.84,Yes,,0.84,
15,007 15 0 002.00,Technical support A,Medical,"June 7, 2013",4,0.41,No,"T23, CORK CITY, CORK COUNTY, IE",0.41,16000
16,007 15 0 003.00,Administrative,Life Sciences,"June 30, 2014",0,0.36,No,"180, GRANADA, ANDALUCIA, SP",0.36,25000
17,007 15 0 004.00,Manager A,Life Sciences,"June 30, 2014",1,0.38,Yes,"A94, DUBLIN, DUBLIN, IE",0.38,31000
18,007 15 0 008.00,Manager A,Life Sciences,"July 15, 2016",1,0.45,No,"H91, GALWAY, GALWAY, IE",0.45,25000
19,007 15 0 014.00,Manager B,Medical,"March 31, 2015",3,0.78,No,"070, PALMA, BALEARIC ISLANDS, IE",0.78,45000
20,007 15 0 020.00,Manager B,Life Sciences,"October 11, 2013",3,0.45,No,"261, LA RIOJA, SPAIN, SP",0.45,45000
21,007 15 0 031.00,Operator,Life Sciences,"June 28, 2013",5,0.76,No,"T23, CORK CITY, CORK COUNTY, IE",0.76,16000
22,007 15 0 044.00,Operator,Other,"February 10, 2015",1,0.11,No,"180, GRANADA, ANDALUCIA, SP",0.11,35000
23,007 15 0 048.00,Operator,Life Sciences,"April 14, 2016",1,0.38,No,"A94, DUBLIN, DUBLIN, IE",0.38,35000
24,007 15 0 052.00,Manager A,Life Sciences,"July 8, 2013",1,0.09,No,"H91, GALWAY, GALWAY, IE",0.09,16000
25,010 00 0 045.00,Administrative,Life Sciences,"August 31, 2015",0,0.46,No,"070, PALMA, BALEARIC ISLANDS, IE",0.46,25000
26,010 00 0 052.00,Technical support A,Medical,"October 21, 2013",0,0.4,No,"261, LA RIOJA, SPAIN, SP",0.4,16000
27,011 15 0A 004.00,Manager A,Other,"May 31, 2016",4,0.89,No,,0.89,
28,012 00 0 082.00,Manager A,Life Sciences,"January 26, 2015",4,0.82,No,"T23, CORK CITY, CORK COUNTY, IE",0.82,45000
29,012 00 0 083.00,Operator,Marketing,"August 1, 2014",3,0.4,No,"180, GRANADA, ANDALUCIA, SP",0.4,35000
30,012 00 0 109.00,Operator,Medical,"October 11, 2013",3,0.41,No,"A94, DUBLIN, DUBLIN, IE",0.41,35000
31,012 02 0 011.00,Operator,Marketing,"August 27, 2015",0,0.38,No,"H91, GALWAY, GALWAY, IE",0.38,35000
32,012 02 0 019.00,Operator,Medical,"March 18, 2014",0,0.09,No,"070, PALMA, BALEARIC ISLANDS, IE",0.09,35000
33,012 03 0 006.00,Administrative,Other,"March 11, 2016",1,0.45,No,"261, LA RIOJA, SPAIN, SP",0.45,25000
34,012 03 0 009.00,Manager A,Medical,"August 29, 2016",0,0.4,No,"T23, CORK CITY, CORK COUNTY, IE",0.4,45000
35,012 03 0 012.00,Manager A,Technical Degree,"May 14, 2014",0,0.45,No,"180, GRANADA, ANDALUCIA, SP",0.45,45000
36,012 03 0 013.00,Administrative,Medical,"September 23, 2016",1,0.84,No,"A94, DUBLIN, DUBLIN, IE",0.84,17000
37,012 03 0 018.00,Manager A,Medical,"March 15, 2013",0,0.1,No,"H91, GALWAY, GALWAY, IE",0.1,28000
38,012 03 0 023.00,Technical support A,Marketing,"February 8, 2013",1,0.38,Yes,"070, PALMA, BALEARIC ISLANDS, IE",0.38,31000
39,012 03 0 025.00,Technical support A,Marketing,"July 17, 2015",1,0.45,No,"261, LA RIOJA, SPAIN, SP",0.45,31000
40,015 14 0 011.00,Operator,Life Sciences,"October 1, 2015",1,0.11,Yes,"T23, CORK CITY, CORK COUNTY, IE",0.11,31000
41,015 14 0 045.00,Manager A,Life Sciences,"May 27, 2016",4,0.41,No,"180, GRANADA, ANDALUCIA, SP",0.41,35000
42,015 14 0 053.00,Manager A,Other,"August 8, 2016",4,0.87,No,"A94, DUBLIN, DUBLIN, IE",0.87,35000
43,015 14 0 054.00,Manager A,Life Sciences,"October 9, 2015",0,0.45,No,"H91, GALWAY, GALWAY, IE",0.45,35000
44,015 14 0 055.00,Manager A,Life Sciences,"July 12, 2013",0,0.4,No,"070, PALMA, BALEARIC ISLANDS, IE",0.4,35000
45,015 14 0 060.00,Operator,Life Sciences,"August 20, 2013",0,0.1,No,"261, LA RIOJA, SPAIN, SP",0.1,16000
46,015 14 0 060.00,Operator,Medical,"January 15, 2016",5,0.09,No,"T23, CORK CITY, CORK COUNTY, IE",0.09,45000
47,015 14 0 061.00,Operator,Technical Degree,"March 18, 2016",5,0.84,No,"180, GRANADA, ANDALUCIA, SP",0.84,45000
48,015 14 0 071.00,Manager C,Marketing,"May 10, 2013",1,0.4,Yes,"A94, DUBLIN, DUBLIN, IE",0.4,31000
49,015 14 0 075.00,Operator,Life Sciences,"July 31, 2015",0,0.57,Yes,"H91, GALWAY, GALWAY, IE",0.57,31000
50,016 00 0 093.00,Internal Support IT,Marketing,"October 13, 2015",0,0.4,No,"070, PALMA, BALEARIC ISLANDS, IE",0.4,17000
51,016 00 0 110.00,Administrative,Life Sciences,"September 24, 2014",1,0.43,No,"261, LA RIOJA, SPAIN, SP",0.43,28000
52,016 00 0 143.00,Administrative,Life Sciences,"July 6, 2015",1,0.13,No,"T23, CORK CITY, CORK COUNTY, IE",0.13,28000
53,016 00 0 184.00,Operator,Technical Degree,"October 9, 2015",3,0.44,No,"180, GRANADA, ANDALUCIA, SP",0.44,25000
54,016 00 0 191.00,,Marketing,"July 29, 2013",1,0.38,No,"A94, DUBLIN, DUBLIN, IE",0.38,25000
55,016 00 0 216.00,Administrative,Medical,"July 10, 2015",3,0.39,No,"H91, GALWAY, GALWAY, IE",0.39,45000
56,018 00 0 041.00,Administrative,Marketing,"September 2, 2014",3,0.1,No,"070, PALMA, BALEARIC ISLANDS, IE",0.1,45000
57,018 00 0 042.00,Operator,Life Sciences,"October 25, 2013",2,0.37,Yes,"261, LA RIOJA, SPAIN, SP",0.37,28000
58,018 00 0 087.00,Technical support B,Life Sciences,"June 28, 2013",2,0.11,Yes,"T23, CORK CITY, CORK COUNTY, IE",0.11,28000
59,018 00 0 096.00,Administrative,Medical,"June 28, 2013",0,0.1,No,"180, GRANADA, ANDALUCIA, SP",0.1,45000
60,018 00 0 097.00,Administrative,Life Sciences,"June 28, 2013",0,0.38,No,"A94, DUBLIN, DUBLIN, IE",0.38,45000
61,018 00 0 136.00,Manager A,Life Sciences,"June 10, 2016",1,0.85,No,"H91, GALWAY, GALWAY, IE",0.85,35000
62,018 00 0 164.00,Manager A,Medical,"October 25, 2013",1,0.85,No,"070, PALMA, BALEARIC ISLANDS, IE",0.85,35000
63,018 00 0 164.00,Administrative,Life Sciences,"June 24, 2014",0,0.11,No,"261, LA RIOJA, SPAIN, SP",0.11,16000
64,018 03 0 001.00,Manager A,Medical,"July 3, 2013",3,0.1,No,"T23, CORK CITY, CORK COUNTY, IE",0.1,16000
65,018 03 0 002.00,Administrative,Life Sciences,"July 18, 2013",2,0.36,No,"180, GRANADA, ANDALUCIA, SP",0.36,45000
66,018 03 0 026.00,Administrative,Technical Degree,"April 4, 2014",2,0.11,No,"A94, DUBLIN, DUBLIN, IE",0.11,45000
67,018 03 0 027.00,Manager A,Medical,"March 31, 2016",3,0.81,No,"H91, GALWAY, GALWAY, IE",0.81,45000
68,018 07 0 011.00,Manager A,Life Sciences,"May 2, 2016",3,0.43,No,"070, PALMA, BALEARIC ISLANDS, IE",0.43,45000
69,018 07 0 013.00,Manager A,Life Sciences,"June 24, 2014",1,0.9,No,"261, LA RIOJA, SPAIN, SP",0.9,35000
70,018 07 0 014.00,Manager A,Medical,"July 3, 2014",1,0.76,No,"T23, CORK CITY, CORK COUNTY, IE",0.76,35000
71,018 07 0 017.00,Administrative,Medical,"November 30, 2015",0,0.43,No,"180, GRANADA, ANDALUCIA, SP",0.43,28000
72,018 07 0 019.00,Manager A,Life Sciences,"February 10, 2015",0,0.74,No,"A94, DUBLIN, DUBLIN, IE",0.74,28000
73,018 07 0 030.00,Manager A,Life Sciences,"June 30, 2014",0,0.09,No,"H91, GALWAY, GALWAY, IE",0.09,28000
74,018 07 0 039.00,Commercial sales,Medical,"April 23, 2015",1,0.45,No,"070, PALMA, BALEARIC ISLANDS, IE",0.45,25000
75,018 07 0 044.00,Operator,Life Sciences,"August 20, 2013",0,0.09,No,"261, LA RIOJA, SPAIN, SP",0.09,25000
76,018 07 0 045.00,Manager A,Life Sciences,"July 26, 2013",2,0.11,No,"T23, CORK CITY, CORK COUNTY, IE",0.11,25000
77,018 07 0 045.00,Operator,Life Sciences,"January 14, 2014",4,0.11,No,"180, GRANADA, ANDALUCIA, SP",0.11,25000
78,018 07 0 062.00,Technical support C,Marketing,"October 14, 2014",2,0.1,No,"A94, DUBLIN, DUBLIN, IE",0.1,31000
79,018 07 0 064.00,Technical support A,Other,"May 16, 2016",0,0.4,No,"H91, GALWAY, GALWAY, IE",0.4,28000
80,018 07 0 070.00,Technical support A,Medical,"October 31, 2013",0,0.43,No,"070, PALMA, BALEARIC ISLANDS, IE",0.43,28000
81,018 07 0 082.00,Operator,Medical,"March 23, 2015",2,0.39,No,"261, LA RIOJA, SPAIN, SP",0.39,28000
82,018 07 0 090.00,Operator,Life Sciences,"July 31, 2014",2,0.45,No,"T23, CORK CITY, CORK COUNTY, IE",0.45,28000
83,018 07 0 097.00,Manager A,Medical,"April 15, 2016",1,0.38,No,"180, GRANADA, ANDALUCIA, SP",0.38,45000
84,018 07 0 104.00,Manager A,Life Sciences,"February 17, 2016",1,0.79,No,"A94, DUBLIN, DUBLIN, IE",0.79,45000
85,018 07 0 109.00,Operator,Medical,"February 9, 2015",1,0.84,No,"H91, GALWAY, GALWAY, IE",0.84,45000
86,018 07 0 109.00,Operator,Medical,"July 20, 2015",1,0.11,No,"070, PALMA, BALEARIC ISLANDS, IE",0.11,45000
87,018 07 0 142.00,Manager A,Life Sciences,"October 24, 2014",3,0.11,Yes,"261, LA RIOJA, SPAIN, SP",0.11,31000
88,018 07 0 142.00,Technical support A,Technical Degree,"June 7, 2016",0,0.17,No,"T23, CORK CITY, CORK COUNTY, IE",0.17,28000
89,018 07 0 150.00,Technical support A,Life Sciences,"December 18, 2014",0,0.44,No,"180, GRANADA, ANDALUCIA, SP",0.44,28000
90,018 07 0 150.00,Operator,Life Sciences,"September 30, 2016",1,0.37,No,"A94, DUBLIN, DUBLIN, IE",0.37,28000
91,018 07 0 153.00,Operator,Medical,"December 9, 2015",1,0.1,No,"H91, GALWAY, GALWAY, IE",0.1,28000
92,018 07 0 160.00,Operator,Life Sciences,"December 12, 2014",5,0.4,No,"070, PALMA, BALEARIC ISLANDS, IE",0.4,25000
93,018 07 0 163.00,Manager A,Marketing,"March 25, 2016",1,0.89,No,"261, LA RIOJA, SPAIN, SP",0.89,35000
94,018 08 0 015.00,Manager A,Medical,"January 3, 2014",1,0.42,No,"T23, CORK CITY, CORK COUNTY, IE",0.42,35000
95,018 08 0 015.00,Operator,Medical,"May 16, 2016",1,0.46,No,"180, GRANADA, ANDALUCIA, SP",0.46,17000
96,018 08 0 019.00,,Medical,"June 24, 2013",4,0.09,No,"A94, DUBLIN, DUBLIN, IE",0.09,25000
97,018 08 0 025.00,Operator,Technical Degree,"March 9, 2015",1,0.37,No,"H91, GALWAY, GALWAY, IE",0.37,28000
98,018 11 0 005.00,Operator,Other,"April 14, 2016",1,0.1,No,"070, PALMA, BALEARIC ISLANDS, IE",0.1,28000
99,018 11 0 015.00,Operator,Medical,"April 11, 2014",5,0.1,No,"261, LA RIOJA, SPAIN, SP",0.1,45000
100,018 11 0 024.00,Operator,Medical,"November 20, 2015",5,0.11,No,"T23, CORK CITY, CORK COUNTY, IE",0.11,45000
101,018 12 0 009.00,Administrative,Medical,"July 30, 2014",3,0.9,Yes,"180, GRANADA, ANDALUCIA, SP",0.9,31000
102,018 12 0 011.00,Administrative,Human Resources,"August 7, 2015",2,0.38,No,"A94, DUBLIN, DUBLIN, IE",0.38,25000
103,018 12 0 014.00,Technical support A,Life Sciences,"October 24, 2014",0,0.36,No,"H91, GALWAY, GALWAY, IE",0.36,18000
104,018 12 0 015.00,Operator,Life Sciences,"October 20, 2016",3,0.42,No,"070, PALMA, BALEARIC ISLANDS, IE",0.42,16000
105,018 12 0 022.00,Technical support A,Other,"June 6, 2016",1,0.09,No,"261, LA RIOJA, SPAIN, SP",0.09,45000
106,018 12 0 033.00,Technical support A,Life Sciences,"June 13, 2016",1,0.43,No,"T23, CORK CITY, CORK COUNTY, IE",0.43,45000
107,018 12 0 040.00,Operator,Human Resources,"May 21, 2015",0,0.24,No,"180, GRANADA, ANDALUCIA, SP",0.24,25000
108,018 12 0 051.00,Operator,Life Sciences,"September 24, 2015",1,0.91,No,"A94, DUBLIN, DUBLIN, IE",0.91,16000
109,018 12 0 054.00,Technical support A,Marketing,"January 28, 2016",0,0.44,No,"H91, GALWAY, GALWAY, IE",0.44,45000
110,018 12 0A 004.00,Technical support A,Medical,"April 30, 2013",0,0.71,No,,0.71,
111,018 12 0A 006.00,Operator,Medical,"December 18, 2013",4,0.4,No,,0.4,
112,018 12 0A 014.00,Manager A,Medical,"July 20, 2016",1,0.43,No,,0.43,
113,018 12 0A 019.00,Manager A,Life Sciences,"March 31, 2014",0,0.09,No,,0.09,
114,018 12 0A 019.00,Manager A,Human Resources,"January 13, 2015",0,0.43,No,,0.43,
115,018 12 0A 022.00,Technical support C,Life Sciences,"April 29, 2014",0,0.9,No,,0.9,
116,018 12 0A 025.00,Administrative,Life Sciences,"September 20, 2013",0,0.84,No,,0.84,
117,018 12 0A 029.00,Operator,Life Sciences,"July 19, 2013",0,0.37,No,,0.37,
118,018 12 0A 030.00,Administrative,Medical,"September 17, 2015",0,0.86,No,,0.86,
119,018 12 0A 032.00,Operator,Technical Degree,"June 6, 2013",1,0.11,No,,0.11,
120,018 12 0A 038.00,Operator,Life Sciences,"February 10, 2014",4,0.37,No,,0.37,
121,018 12 0A 048.00,,Life Sciences,"July 1, 2016",0,0.4,No,,0.4,
122,018 12 0A 051.00,,Life Sciences,"September 22, 2015",0,0.14,No,,0.14,
123,018 12 0A 053.00,Manager A,Marketing,"April 17, 2015",2,0.4,No,,0.4,
124,018 12 0A 054.00,Manager C,Life Sciences,"November 13, 2013",5,0.75,Yes,,0.75,
125,018 15 0 012.01,Operator,Life Sciences,"August 14, 2015",1,0.11,No,"T23, CORK CITY, CORK COUNTY, IE",0.11,25000
126,018 15 0 017.00,Operator,Life Sciences,"November 30, 2015",1,0.46,No,"180, GRANADA, ANDALUCIA, SP",0.46,25000
127,018 16 0 136.00,Manager A,Other,"April 12, 2013",1,0.11,No,"A94, DUBLIN, DUBLIN, IE",0.11,28000
128,018 16 0 136.00,Manager A,Medical,"May 29, 2015",0,0.38,No,"H91, GALWAY, GALWAY, IE",0.38,25000
129,018 16 0 205.00,Manager A,Marketing,"July 15, 2016",3,0.7,No,"070, PALMA, BALEARIC ISLANDS, IE",0.7,25000
130,018 16 0 208.00,Operator,Technical Degree,"April 9, 2015",0,0.09,No,"261, LA RIOJA, SPAIN, SP",0.09,35000
131,019 13 0 037.00,Operator,Medical,"July 30, 2014",0,0.37,No,"T23, CORK CITY, CORK COUNTY, IE",0.37,35000
132,019 13 0 037.00,Operator,Medical,"December 4, 2015",3,0.1,Yes,"180, GRANADA, ANDALUCIA, SP",0.1,28000
133,022 02 0 014.00,Operator,Marketing,"August 11, 2014",2,0.38,No,"A94, DUBLIN, DUBLIN, IE",0.38,45000
134,025 00 0 086.00,Operator,Life Sciences,"November 5, 2014",2,0.9,No,"H91, GALWAY, GALWAY, IE",0.9,45000
135,025 00 0 218.00,Manager A,Life Sciences,"January 11, 2016",1,0.44,No,"070, PALMA, BALEARIC ISLANDS, IE",0.44,25000
136,025 03 0 011.00,Manager C,Life Sciences,"January 22, 2016",3,0.36,No,"261, LA RIOJA, SPAIN, SP",0.36,17000
137,025 03 0 012.00,Manager A,Medical,"May 5, 2015",0,0.31,No,"T23, CORK CITY, CORK COUNTY, IE",0.31,25000
138,025 03 0 015.00,Manager A,Life Sciences,"March 25, 2013",3,0.1,Yes,"180, GRANADA, ANDALUCIA, SP",0.1,31000
139,025 03 0 027.00,Operator,Life Sciences,"July 31, 2015",0,0.42,No,"A94, DUBLIN, DUBLIN, IE",0.42,17000
140,025 03 0 030.00,Manager A,Life Sciences,"October 4, 2016",1,0.74,No,"H91, GALWAY, GALWAY, IE",0.74,28000
141,025 03 0 032.00,Manager A,Human Resources,"June 8, 2016",1,0.73,No,"070, PALMA, BALEARIC ISLANDS, IE",0.73,28000
142,025 04 0 016.00,Administrative,Medical,"October 15, 2013",0,0.09,No,"261, LA RIOJA, SPAIN, SP",0.09,25000
143,025 04 0 016.00,Operator,Medical,"March 7, 2016",4,0.45,No,"T23, CORK CITY, CORK COUNTY, IE",0.45,28000
144,025 04 0 038.00,Manager A,Technical Degree,"February 14, 2014",0,0.11,No,"180, GRANADA, ANDALUCIA, SP",0.11,18000
145,025 04 0 043.00,Operator,Life Sciences,"August 5, 2016",1,0.37,No,"A94, DUBLIN, DUBLIN, IE",0.37,45000
146,025 04 0 051.00,Operator,Medical,"October 21, 2014",1,0.84,No,"H91, GALWAY, GALWAY, IE",0.84,45000
147,025 04 0 060.00,Administrative,Technical Degree,"May 27, 2016",0,0.41,No,"070, PALMA, BALEARIC ISLANDS, IE",0.41,25000
148,025 04 0 114.00,Administrative,Medical,"September 30, 2015",0,0.76,No,"261, LA RIOJA, SPAIN, SP",0.76,45000
149,025 04 0 115.00,Administrative,Life Sciences,"January 26, 2016",0,0.11,No,"T23, CORK CITY, CORK COUNTY, IE",0.11,45000
150,025 04 0 126.00,Administrative,Life Sciences,"August 6, 2013",3,0.84,No,"180, GRANADA, ANDALUCIA, SP",0.84,31000
151,025 04 0 126.00,Manager C,Medical,"August 19, 2016",0,0.39,No,"A94, DUBLIN, DUBLIN, IE",0.39,25000
152,025 04 0 130.00,Manager A,Medical,"November 8, 2013",0,0.11,No,"H91, GALWAY, GALWAY, IE",0.11,28000
153,025 07 0 007.00,Manager A,Marketing,"August 12, 2016",5,0.45,No,"070, PALMA, BALEARIC ISLANDS, IE",0.45,25000
154,025 07 0 008.00,Administrative,Marketing,"July 10, 2015",0,0.37,No,"261, LA RIOJA, SPAIN, SP",0.37,45000
155,025 07 0 008.00,Administrative,Life Sciences,"February 1, 2016",0,0.4,No,"T23, CORK CITY, CORK COUNTY, IE",0.4,45000
156,025 07 0 012.00,Manager A,Marketing,"June 20, 2014",1,0.39,No,"180, GRANADA, ANDALUCIA, SP",0.39,45000
157,025 07 0 024.00,Manager A,Technical Degree,"September 29, 2016",1,0.11,No,"A94, DUBLIN, DUBLIN, IE",0.11,45000
158,025 07 0 026.00,Internal Support IT,Medical,"May 27, 2016",2,0.83,No,"H91, GALWAY, GALWAY, IE",0.83,28000
159,025 07 0 030.00,Internal Support IT,Medical,"June 9, 2015",2,0.11,No,"070, PALMA, BALEARIC ISLANDS, IE",0.11,28000
160,025 07 0 031.00,Operator,Marketing,"September 25, 2015",0,0.39,No,"261, LA RIOJA, SPAIN, SP",0.39,45000
161,025 07 0 031.00,Operator,Marketing,"January 15, 2016",0,0.45,No,"T23, CORK CITY, CORK COUNTY, IE",0.45,45000
162,025 07 0 034.00,Technical support A,Medical,"June 30, 2014",1,0.1,No,"180, GRANADA, ANDALUCIA, SP",0.1,31000
163,025 07 0 039.00,Operator,Medical,"May 20, 2015",5,0.9,No,"A94, DUBLIN, DUBLIN, IE",0.9,25000
164,025 08 0 006.00,Operator,Medical,"April 12, 2016",3,0.45,No,"H91, GALWAY, GALWAY, IE",0.45,25000
165,025 08 0 006.00,,Life Sciences,"August 1, 2016",2,0.79,No,"070, PALMA, BALEARIC ISLANDS, IE",0.79,18000
166,025 08 0 035.00,Technical support A,Medical,"July 31, 2015",0,0.9,No,"261, LA RIOJA, SPAIN, SP",0.9,35000
167,025 08 0 064.00,Technical support A,Life Sciences,"July 13, 2016",0,0.11,No,"T23, CORK CITY, CORK COUNTY, IE",0.11,35000
168,025 08 0 075.00,Technical support A,Life Sciences,"December 15, 2014",1,0.43,No,"180, GRANADA, ANDALUCIA, SP",0.43,28000
169,025 11 0 005.00,Manager A,Life Sciences,"October 17, 2014",1,0.31,No,"A94, DUBLIN, DUBLIN, IE",0.31,28000
170,025 11 0 009.00,Internal Support IT,Life Sciences,"December 3, 2015",3,0.32,No,"H91, GALWAY, GALWAY, IE",0.32,25000
171,025 12 0 013.00,Operator,Life Sciences,"August 19, 2014",0,0.45,No,"070, PALMA, BALEARIC ISLANDS, IE",0.45,25000
172,025 12 0 021.00,Manager A,Technical Degree,"February 19, 2016",0,0.81,Yes,"261, LA RIOJA, SPAIN, SP",0.81,18000
173,025 12 0 029.00,Operator,Technical Degree,"August 21, 2013",4,0.41,No,"T23, CORK CITY, CORK COUNTY, IE",0.41,45000
174,025 12 0 029.00,Operator,Medical,"January 29, 2014",4,0.11,No,"180, GRANADA, ANDALUCIA, SP",0.11,45000
175,025 12 0 029.00,Operator,Medical,"August 29, 2016",1,0.1,No,"A94, DUBLIN, DUBLIN, IE",0.1,45000
176,025 12 0 033.00,Operator,Life Sciences,"September 29, 2016",1,0.7,No,"H91, GALWAY, GALWAY, IE",0.7,45000
177,025 12 0 042.00,Commercial sales,Life Sciences,"March 7, 2014",5,0.54,No,"070, PALMA, BALEARIC ISLANDS, IE",0.54,17000
178,025 12 0 057.00,Operator,Life Sciences,"January 15, 2016",2,0.41,No,"261, LA RIOJA, SPAIN, SP",0.41,25000
179,025 12 0 062.00,Manager A,Life Sciences,"November 12, 2014",1,0.38,No,"T23, CORK CITY, CORK COUNTY, IE",0.38,16000
180,025 12 0 065.00,Administrative,Marketing,"July 2, 2015",0,0.37,No,"180, GRANADA, ANDALUCIA, SP",0.37,45000
181,025 12 0 071.00,Administrative,Life Sciences,"August 1, 2014",0,0.11,No,"A94, DUBLIN, DUBLIN, IE",0.11,45000
182,025 12 0 071.00,Administrative,Medical,"September 29, 2016",0,0.4,No,"H91, GALWAY, GALWAY, IE",0.4,28000
183,025 12 0 073.00,Administrative,Medical,"January 22, 2016",0,0.1,No,"070, PALMA, BALEARIC ISLANDS, IE",0.1,28000
184,025 12 0 081.00,Administrative,Marketing,"November 12, 2013",1,0.89,No,"261, LA RIOJA, SPAIN, SP",0.89,16000
185,025 12 0 085.00,Operator,Medical,"August 28, 2015",0,0.11,No,"T23, CORK CITY, CORK COUNTY, IE",0.11,35000
186,025 12 0 086.00,Operator,Medical,"January 21, 2014",0,0.36,No,"180, GRANADA, ANDALUCIA, SP",0.36,35000
187,025 12 0 086.00,Operator,Medical,"June 5, 2014",1,0.4,No,"A94, DUBLIN, DUBLIN, IE",0.4,25000
188,025 14 0 001.00,Commercial sales,Medical,"July 2, 2014",1,0.09,No,"H91, GALWAY, GALWAY, IE",0.09,45000
189,025 14 0 002.00,Commercial sales,Medical,"December 5, 2014",1,0.4,No,"070, PALMA, BALEARIC ISLANDS, IE",0.4,45000
190,025 14 0 011.00,Manager C,Life Sciences,"July 25, 2013",0,0.37,No,"261, LA RIOJA, SPAIN, SP",0.37,17000
191,025 14 0 011.00,Manager A,Medical,"December 30, 2014",1,0.44,No,"T23, CORK CITY, CORK COUNTY, IE",0.44,45000
192,025 15 0 006.00,Manager A,Life Sciences,"October 3, 2014",1,0.09,No,"180, GRANADA, ANDALUCIA, SP",0.09,45000
193,025 15 0 014.00,Operator,Medical,"December 30, 2015",0,0.92,No,"A94, DUBLIN, DUBLIN, IE",0.92,25000
194,025 15 0 016.00,Technical support A,Life Sciences,"December 5, 2014",0,0.74,Yes,"H91, GALWAY, GALWAY, IE",0.74,31000
195,025 15 0 024.00,Manager A,Medical,"March 14, 2014",0,0.09,No,"070, PALMA, BALEARIC ISLANDS, IE",0.09,31000
196,025 15 0 025.00,Operator,Medical,"June 25, 2013",1,0.89,No,"261, LA RIOJA, SPAIN, SP",0.89,35000
197,025 15 0 027.00,Operator,Life Sciences,"April 15, 2014",1,0.09,No,"T23, CORK CITY, CORK COUNTY, IE",0.09,35000
198,025 15 0 027.00,Manager A,Medical,"May 15, 2015",0,0.27,No,"180, GRANADA, ANDALUCIA, SP",0.27,28000
199,025 16 0 002.00,Operator,Medical,"May 26, 2016",1,0.1,No,"A94, DUBLIN, DUBLIN, IE",0.1,45000
200,025 16 0 007.00,Operator,Life Sciences,"October 9, 2013",1,0.1,No,"H91, GALWAY, GALWAY, IE",0.1,45000
201,025 16 0 011.00,Administrative,Technical Degree,"October 21, 2015",1,0.77,Yes,"070, PALMA, BALEARIC ISLANDS, IE",0.77,31000
202,025 16 0 012.00,Operator,Technical Degree,"August 28, 2015",3,0.9,No,"261, LA RIOJA, SPAIN, SP",0.9,35000
203,025 16 0 013.00,Operator,Life Sciences,"June 5, 2015",3,0.39,No,"T23, CORK CITY, CORK COUNTY, IE",0.39,35000
204,025 16 0 016.00,Operator,Medical,"March 4, 2014",1,0.76,No,"180, GRANADA, ANDALUCIA, SP",0.76,18000
205,025 16 0 020.00,Operator,Medical,"July 8, 2016",4,0.1,Yes,"A94, DUBLIN, DUBLIN, IE",0.1,18000
206,025 16 0 024.00,Technical support A,Medical,"May 28, 2015",0,0.87,No,"H91, GALWAY, GALWAY, IE",0.87,16000
207,025 16 0 034.00,Technical support A,Marketing,"September 30, 2014",1,0.38,No,"070, PALMA, BALEARIC ISLANDS, IE",0.38,45000
208,025 16 0 038.00,Technical support A,Life Sciences,"June 14, 2013",1,0.77,No,"261, LA RIOJA, SPAIN, SP",0.77,45000
209,025 16 0 039.00,Operator,Medical,"April 10, 2014",2,0.78,No,"T23, CORK CITY, CORK COUNTY, IE",0.78,18000
210,025 16 0 040.00,Technical support C,Life Sciences,"April 10, 2014",1,0.44,No,"180, GRANADA, ANDALUCIA, SP",0.44,17000
211,025 16 0 051.00,Operator,Medical,"July 15, 2016",5,0.38,No,"A94, DUBLIN, DUBLIN, IE",0.38,31000
212,025 16 0 063.00,Manager A,Medical,"August 30, 2013",1,0.43,No,"H91, GALWAY, GALWAY, IE",0.43,16000
213,025 16 0 071.00,Operator,Life Sciences,"June 30, 2015",3,0.39,No,"070, PALMA, BALEARIC ISLANDS, IE",0.39,31000
214,025 16 0 072.00,Technical support A,Life Sciences,"December 11, 2015",4,0.88,No,"261, LA RIOJA, SPAIN, SP",0.88,28000
215,025 16 0 080.00,Technical support A,Life Sciences,"January 3, 2014",4,0.45,No,"T23, CORK CITY, CORK COUNTY, IE",0.45,28000
216,025 16 0 080.00,Manager A,Technical Degree,"May 23, 2014",1,0.4,No,"180, GRANADA, ANDALUCIA, SP",0.4,16000
217,026 00 0 034.00,Operator,Life Sciences,"June 30, 2015",1,0.36,No,"A94, DUBLIN, DUBLIN, IE",0.36,28000
218,026 01 0 024.00,Operator,Marketing,"October 24, 2016",1,0.36,No,"H91, GALWAY, GALWAY, IE",0.36,28000
219,026 01 0 030.00,Operator,Technical Degree,"January 15, 2014",0,0.9,No,"070, PALMA, BALEARIC ISLANDS, IE",0.9,45000
220,026 01 0 050.00,Operator,Medical,"November 12, 2014",0,0.43,No,"261, LA RIOJA, SPAIN, SP",0.43,45000
221,026 01 0 050.00,Operator,Marketing,"November 6, 2015",1,0.89,No,"T23, CORK CITY, CORK COUNTY, IE",0.89,35000
222,026 01 0 052.00,Operator,Life Sciences,"April 29, 2013",1,0.1,No,"180, GRANADA, ANDALUCIA, SP",0.1,35000
223,026 01 0 068.00,Operator,Medical,"October 16, 2015",0,0.37,No,"A94, DUBLIN, DUBLIN, IE",0.37,28000
224,026 01 0 069.00,Operator,Other,"October 27, 2014",0,0.37,No,"H91, GALWAY, GALWAY, IE",0.37,28000
225,026 01 0 069.00,Administrative,Life Sciences,"October 23, 2015",5,0.87,Yes,"070, PALMA, BALEARIC ISLANDS, IE",0.87,18000
226,026 01 0 109.00,Technical support C,Medical,"May 27, 2015",5,0.4,No,"261, LA RIOJA, SPAIN, SP",0.4,17000
227,026 01 0 112.00,Operator,Life Sciences,"June 1, 2015",0,0.9,Yes,"T23, CORK CITY, CORK COUNTY, IE",0.9,28000
228,026 01 0 153.00,Operator,Marketing,"October 27, 2014",1,0.37,No,"180, GRANADA, ANDALUCIA, SP",0.37,16000
229,026 01 0 153.00,Manager B,Medical,"April 15, 2015",1,0.44,Yes,"A94, DUBLIN, DUBLIN, IE",0.44,28000
230,026 02 0 005.00,Technical support A,Marketing,"March 14, 2014",0,0.85,No,"H91, GALWAY, GALWAY, IE",0.85,16000
231,026 02 0 006.00,Administrative,Medical,"April 29, 2016",5,0.78,No,"070, PALMA, BALEARIC ISLANDS, IE",0.78,35000
232,026 02 0 008.00,Administrative,Life Sciences,"March 13, 2015",5,0.42,No,"261, LA RIOJA, SPAIN, SP",0.42,35000
233,026 02 0 010.00,Administrative,Technical Degree,"December 31, 2013",0,0.92,No,"T23, CORK CITY, CORK COUNTY, IE",0.92,25000
234,026 02 0 010.00,Internal Support IT,Medical,"September 7, 2016",1,0.11,No,"180, GRANADA, ANDALUCIA, SP",0.11,18000
235,026 02 0 015.00,Technical support C,Medical,"January 30, 2015",1,0.42,No,"A94, DUBLIN, DUBLIN, IE",0.42,28000
236,026 02 0 016.00,Technical support C,Medical,"March 4, 2016",1,0.48,No,"H91, GALWAY, GALWAY, IE",0.48,28000
237,026 02 0 017.00,Manager A,Marketing,"August 15, 2013",1,0.83,No,"070, PALMA, BALEARIC ISLANDS, IE",0.83,25000
238,026 02 0 018.00,Technical support A,Life Sciences,"April 22, 2013",1,0.4,No,"261, LA RIOJA, SPAIN, SP",0.4,18000
239,026 02 0 022.00,Operator,Life Sciences,"April 15, 2013",1,0.43,No,"T23, CORK CITY, CORK COUNTY, IE",0.43,16000
240,026 02 0 023.00,Manager A,Life Sciences,"June 27, 2014",0,0.43,No,"180, GRANADA, ANDALUCIA, SP",0.43,28000
241,026 03 0 006.00,Manager A,Life Sciences,"September 18, 2013",0,0.1,No,"A94, DUBLIN, DUBLIN, IE",0.1,28000
242,026 03 0 007.00,Technical support B,Medical,"February 25, 2013",3,0.1,No,"H91, GALWAY, GALWAY, IE",0.1,35000
243,026 03 0 008.00,Technical support B,Marketing,"February 28, 2014",3,0.37,No,"070, PALMA, BALEARIC ISLANDS, IE",0.37,35000
244,026 03 0 009.00,Manager A,Life Sciences,"July 29, 2014",1,0.38,No,"261, LA RIOJA, SPAIN, SP",0.38,35000
245,026 03 0 016.00,Manager A,Technical Degree,"February 18, 2014",1,0.4,No,"T23, CORK CITY, CORK COUNTY, IE",0.4,35000
246,026 05 0 013.00,Manager A,Other,"October 28, 2015",2,0.89,No,"180, GRANADA, ANDALUCIA, SP",0.89,45000
247,026 05 0 017.00,Manager A,Medical,"June 24, 2013",2,0.45,No,"A94, DUBLIN, DUBLIN, IE",0.45,45000
248,026 05 0 017.00,Administrative,Life Sciences,"March 29, 2016",0,0.37,No,"H91, GALWAY, GALWAY, IE",0.37,16000
249,026 05 0 023.00,Technical support A,Life Sciences,"August 26, 2014",3,0.46,No,"070, PALMA, BALEARIC ISLANDS, IE",0.46,25000
250,026 05 0 041.00,Manager A,Medical,"March 30, 2016",1,0.87,Yes,"261, LA RIOJA, SPAIN, SP",0.87,28000
251,026 05 0 042.00,Manager A,Life Sciences,"April 4, 2014",0,0.11,No,"T23, CORK CITY, CORK COUNTY, IE",0.11,45000
252,026 05 0 050.00,Manager A,Medical,"July 18, 2013",0,0.79,No,"180, GRANADA, ANDALUCIA, SP",0.79,45000
253,026 05 0 050.00,Operator,Technical Degree,"April 25, 2014",4,0.79,No,"A94, DUBLIN, DUBLIN, IE",0.79,25000
254,026 05 0 053.00,Operator,Life Sciences,"October 30, 2014",1,0.19,No,"H91, GALWAY, GALWAY, IE",0.19,25000
255,026 05 0 060.00,Manager A,Life Sciences,"July 28, 2015",1,0.87,No,"070, PALMA, BALEARIC ISLANDS, IE",0.87,28000
256,026 05 0 070.00,Manager A,Marketing,"September 17, 2015",1,0.6,No,"261, LA RIOJA, SPAIN, SP",0.6,25000
257,026 05 0 098.00,Technical support A,Life Sciences,"September 5, 2014",1,0.44,No,"T23, CORK CITY, CORK COUNTY, IE",0.44,35000
258,026 05 0 099.00,Technical support A,Medical,"November 5, 2015",1,0.11,No,"180, GRANADA, ANDALUCIA, SP",0.11,35000
259,026 05 0 100.00,Manager A,Medical,"November 5, 2015",4,0.42,Yes,"A94, DUBLIN, DUBLIN, IE",0.42,31000
260,026 05 0 101.00,Operator,Life Sciences,"December 31, 2014",1,0.88,No,"H91, GALWAY, GALWAY, IE",0.88,25000
261,026 05 0 117.00,Technical support C,Medical,"May 5, 2015",0,0.11,No,"070, PALMA, BALEARIC ISLANDS, IE",0.11,45000
262,026 06 0 005.00,Technical support C,Life Sciences,"May 29, 2015",0,0.46,No,"261, LA RIOJA, SPAIN, SP",0.46,45000
263,026 06 0 006.00,Manager A,Life Sciences,"June 30, 2016",3,0.82,Yes,"T23, CORK CITY, CORK COUNTY, IE",0.82,28000
264,026 06 0 010.00,Manager C,Technical Degree,"October 21, 2015",1,0.44,Yes,"180, GRANADA, ANDALUCIA, SP",0.44,28000
265,026 06 0 011.00,Technical support A,Technical Degree,"June 9, 2016",1,0.11,No,"A94, DUBLIN, DUBLIN, IE",0.11,45000
266,026 06 0 021.00,Technical support A,Life Sciences,"June 7, 2016",1,0.42,No,"H91, GALWAY, GALWAY, IE",0.42,45000
267,026 06 0 028.00,Operator,Medical,"June 27, 2014",0,0.84,No,"070, PALMA, BALEARIC ISLANDS, IE",0.84,35000
268,026 06 0 031.00,Operator,Medical,"October 15, 2013",0,0.11,No,"261, LA RIOJA, SPAIN, SP",0.11,35000
269,026 06 0 034.00,Operator,Life Sciences,"April 25, 2013",1,0.45,No,"T23, CORK CITY, CORK COUNTY, IE",0.45,45000
270,026 06 0 034.00,Operator,Medical,"June 12, 2015",1,0.38,No,"180, GRANADA, ANDALUCIA, SP",0.38,45000
271,026 06 0 040.00,Administrative,Life Sciences,"June 6, 2014",2,0.38,No,"A94, DUBLIN, DUBLIN, IE",0.38,28000
272,026 06 0 042.00,Operator,Medical,"November 14, 2014",1,0.44,Yes,"H91, GALWAY, GALWAY, IE",0.44,28000
273,026 06 0 042.00,Operator,Life Sciences,"June 17, 2016",1,0.11,No,"070, PALMA, BALEARIC ISLANDS, IE",0.11,25000
274,026 06 0 043.00,Technical support C,Medical,"June 30, 2014",0,0.81,No,"261, LA RIOJA, SPAIN, SP",0.81,45000
275,026 06 0 044.00,Technical support C,Medical,"June 27, 2014",0,0.09,No,"T23, CORK CITY, CORK COUNTY, IE",0.09,45000
276,026 06 0 045.00,Administrative,Medical,"January 15, 2015",5,0.11,No,"180, GRANADA, ANDALUCIA, SP",0.11,45000
277,026 06 0 050.00,Administrative,Medical,"June 13, 2014",5,0.81,No,"A94, DUBLIN, DUBLIN, IE",0.81,45000
278,026 06 0 057.00,Technical support A,Life Sciences,"April 5, 2013",3,0.1,No,"H91, GALWAY, GALWAY, IE",0.1,25000
279,026 06 0 062.00,Technical support A,Medical,"August 15, 2014",0,0.74,No,"070, PALMA, BALEARIC ISLANDS, IE",0.74,28000
280,026 06 0 069.00,Technical support A,Life Sciences,"January 5, 2015",0,0.09,No,"261, LA RIOJA, SPAIN, SP",0.09,28000
281,026 06 0 070.00,Administrative,Life Sciences,"January 23, 2015",0,0.82,No,"T23, CORK CITY, CORK COUNTY, IE",0.82,35000
282,026 06 0 080.00,Administrative,Medical,"April 14, 2016",0,0.1,No,"180, GRANADA, ANDALUCIA, SP",0.1,35000
283,026 06 0 082.00,Technical support C,Life Sciences,"October 28, 2016",0,0.27,No,"A94, DUBLIN, DUBLIN, IE",0.27,45000
284,026 06 0 086.00,Technical support C,Life Sciences,"May 15, 2014",0,0.83,No,"H91, GALWAY, GALWAY, IE",0.83,45000
285,026 06 0 092.00,Technical support A,Technical Degree,"June 3, 2013",0,0.1,No,"070, PALMA, BALEARIC ISLANDS, IE",0.1,35000
286,026 06 0 094.00,Technical support A,Medical,"August 21, 2013",0,0.38,No,"261, LA RIOJA, SPAIN, SP",0.38,35000
287,026 06 0 096.00,Technical support A,Life Sciences,"December 19, 2014",3,0.4,No,"T23, CORK CITY, CORK COUNTY, IE",0.4,16000
288,026 06 0 102.00,Technical support A,Life Sciences,"April 26, 2016",1,0.11,No,"180, GRANADA, ANDALUCIA, SP",0.11,45000
289,026 06 0 105.00,Technical support A,Life Sciences,"July 17, 2015",1,0.11,No,"A94, DUBLIN, DUBLIN, IE",0.11,45000
290,026 06 0 107.00,Technical support A,Medical,"April 29, 2013",0,0.82,No,"H91, GALWAY, GALWAY, IE",0.82,45000
291,026 06 0 108.00,Technical support A,Life Sciences,"April 28, 2015",0,0.36,No,"070, PALMA, BALEARIC ISLANDS, IE",0.36,45000
292,026 06 0 113.00,Operator,Life Sciences,"March 26, 2013",0,0.4,No,"261, LA RIOJA, SPAIN, SP",0.4,45000
293,026 06 0 113.00,Operator,Technical Degree,"May 20, 2016",0,0.87,No,"T23, CORK CITY, CORK COUNTY, IE",0.87,45000
294,026 06 0A 003.00,Operator,Marketing,"June 25, 2015",4,0.41,No,,0.41,
295,026 06 0A 005.00,Manager B,Marketing,"March 19, 2013",1,0.11,No,,0.11,
296,026 06 0A 006.00,Manager B,Medical,"October 25, 2013",1,0.1,No,,0.1,
297,026 06 0A 006.00,Commercial sales,Marketing,"December 11, 2014",0,0.38,No,,0.38,
298,026 06 0A 010.00,Manager A,Life Sciences,"August 12, 2013",1,0.39,No,,0.39,
299,026 06 0A 012.00,Manager A,Marketing,"August 30, 2013",0,0.4,No,,0.4,
300,026 06 0A 013.00,Operator,Life Sciences,"October 13, 2015",3,0.45,No,,0.45,
301,026 06 0A 020.00,Operator,Medical,"June 3, 2016",3,0.74,No,,0.74,
302,026 06 0A 026.00,Manager A,Life Sciences,"June 24, 2013",2,0.45,No,,0.45,
303,026 06 0A 029.00,Manager A,Medical,"February 8, 2016",1,0.12,No,,0.12,
304,026 06 0A 031.00,Manager A,Medical,"March 22, 2016",0,0.1,No,,0.1,
305,026 06 0A 032.00,Manager A,Technical Degree,"September 7, 2016",0,0.37,No,,0.37,
306,026 06 0A 038.00,Operator,Medical,"August 21, 2014",0,0.89,No,,0.89,
307,026 06 0A 038.00,Manager A,Life Sciences,"August 25, 2016",2,0.45,No,,0.45,
308,026 06 0A 043.00,Administrative,Life Sciences,"July 15, 2015",1,0.37,No,,0.37,
309,026 06 0A 052.00,Commercial sales,Life Sciences,"September 12, 2016",0,0.11,Yes,,0.11,
310,026 06 0A 053.00,Operator,Life Sciences,"April 8, 2016",0,0.41,No,,0.41,
311,026 06 0A 056.00,Manager A,Technical Degree,"September 30, 2015",0,0.1,No,,0.1,
312,026 06 0A 058.00,Manager A,Human Resources,"December 12, 2014",0,0.1,No,,0.1,
313,026 06 0A 061.00,Manager A,Life Sciences,"August 29, 2014",0,0.11,No,,0.11,
314,026 06 0A 062.00,Administrative,Life Sciences,"June 27, 2014",1,0.4,No,,0.4,
315,026 06 0A 073.00,Operator,Life Sciences,"September 16, 2016",0,0.41,No,,0.41,
316,026 06 0A 076.00,Technical support A,Medical,"December 11, 2014",0,0.1,No,,0.1,
317,026 06 0A 077.00,Technical support C,Life Sciences,"April 14, 2016",0,0.73,Yes,,0.73,
318,026 06 0A 078.00,Technical support A,Technical Degree,"December 5, 2014",0,0.43,No,,0.43,
319,026 06 0A 080.00,Manager A,Medical,"May 29, 2015",2,0.37,No,,0.37,
320,026 06 0A 082.00,Manager A,Life Sciences,"May 22, 2015",2,0.11,No,,0.11,
321,026 06 0A 083.00,Technical support A,Technical Degree,"August 14, 2015",0,0.4,No,,0.4,
322,026 07 0 005.00,Operator,Life Sciences,"January 9, 2015",0,0.41,No,"T23, CORK CITY, CORK COUNTY, IE",0.41,18000
323,026 07 0 012.00,Manager A,Marketing,"July 30, 2014",0,0.82,No,"180, GRANADA, ANDALUCIA, SP",0.82,25000
324,026 07 0 012.00,Manager A,Medical,"September 2, 2016",0,0.61,No,"A94, DUBLIN, DUBLIN, IE",0.61,28000
325,026 07 0 015.00,Operator,Medical,"September 7, 2016",4,0.11,No,"H91, GALWAY, GALWAY, IE",0.11,17000
326,026 07 0 021.00,Operator,Medical,"August 3, 2016",1,0.37,No,"070, PALMA, BALEARIC ISLANDS, IE",0.37,18000
327,026 07 0 033.00,Technical support A,Life Sciences,"September 17, 2015",1,0.41,No,"261, LA RIOJA, SPAIN, SP",0.41,45000
328,026 07 0 042.00,Technical support A,Medical,"April 30, 2015",1,0.37,No,"T23, CORK CITY, CORK COUNTY, IE",0.37,45000
329,026 07 0 043.00,Operator,Medical,"November 10, 2015",0,0.88,No,"180, GRANADA, ANDALUCIA, SP",0.88,25000
330,026 07 0 048.00,Manager A,Marketing,"March 22, 2013",0,0.1,No,"A94, DUBLIN, DUBLIN, IE",0.1,25000
331,026 07 0 049.00,Operator,Life Sciences,"May 16, 2016",0,0.44,No,"H91, GALWAY, GALWAY, IE",0.44,45000
332,026 07 0 059.00,Operator,Life Sciences,"January 13, 2015",0,0.38,No,"070, PALMA, BALEARIC ISLANDS, IE",0.38,45000
333,026 07 0 064.00,Operator,Marketing,"May 31, 2013",0,0.11,No,"261, LA RIOJA, SPAIN, SP",0.11,28000
334,026 07 0 065.00,Operator,Life Sciences,"May 23, 2013",0,0.09,No,"T23, CORK CITY, CORK COUNTY, IE",0.09,28000
335,026 07 0 065.00,Technical support A,Life Sciences,"March 13, 2015",1,0.45,No,"180, GRANADA, ANDALUCIA, SP",0.45,17000
336,026 07 0 067.00,Manager A,Other,"May 21, 2014",5,0.1,No,"A94, DUBLIN, DUBLIN, IE",0.1,16000
337,026 07 0 074.00,Manager A,Medical,"June 26, 2015",2,0.45,No,"H91, GALWAY, GALWAY, IE",0.45,25000
338,026 07 0 075.00,Operator,Other,"June 10, 2016",1,0.77,No,"070, PALMA, BALEARIC ISLANDS, IE",0.77,25000
339,026 07 0 093.00,Technical support A,Other,"December 2, 2014",5,0.44,No,"261, LA RIOJA, SPAIN, SP",0.44,25000
340,026 07 0 095.00,Operator,Marketing,"December 31, 2014",0,0.39,No,"T23, CORK CITY, CORK COUNTY, IE",0.39,28000
341,026 07 0 095.00,Manager A,Marketing,"October 14, 2016",1,0.1,No,"180, GRANADA, ANDALUCIA, SP",0.1,28000
342,026 07 0 096.00,Internal Support IT,Medical,"May 9, 2014",1,0.09,No,"A94, DUBLIN, DUBLIN, IE",0.09,16000
343,026 07 0 097.00,Administrative,Life Sciences,"May 2, 2014",0,0.37,Yes,"H91, GALWAY, GALWAY, IE",0.37,18000
344,026 07 0 100.00,Administrative,Medical,"September 15, 2016",1,0.9,No,"070, PALMA, BALEARIC ISLANDS, IE",0.9,16000
345,026 07 0 106.00,Operator,Marketing,"March 18, 2016",1,0.41,No,"261, LA RIOJA, SPAIN, SP",0.41,16000
346,026 07 0 107.00,Technical support A,Technical Degree,"May 30, 2013",2,0.37,Yes,"T23, CORK CITY, CORK COUNTY, IE",0.37,31000
347,026 07 0 111.00,Operator,Life Sciences,"June 7, 2013",3,0.1,No,"180, GRANADA, ANDALUCIA, SP",0.1,25000
348,026 07 0 117.00,Operator,Medical,"June 15, 2016",1,0.81,No,"A94, DUBLIN, DUBLIN, IE",0.81,31000
349,026 07 0 128.00,Internal Support IT,Medical,"June 24, 2016",0,0.11,No,"H91, GALWAY, GALWAY, IE",0.11,16000
350,026 07 0 134.00,Technical support A,Life Sciences,"January 18, 2016",0,0.11,No,"070, PALMA, BALEARIC ISLANDS, IE",0.11,45000
351,026 07 0 141.00,Technical support A,Life Sciences,"February 19, 2013",0,0.4,No,"261, LA RIOJA, SPAIN, SP",0.4,45000
352,026 07 0 150.00,Manager A,Technical Degree,"July 31, 2015",2,0.09,No,"T23, CORK CITY, CORK COUNTY, IE",0.09,17000
353,026 07 0 160.00,Manager A,Medical,"June 25, 2015",0,0.48,No,"180, GRANADA, ANDALUCIA, SP",0.48,28000
354,026 07 0 164.00,Manager A,Medical,"April 11, 2016",0,0.91,No,"A94, DUBLIN, DUBLIN, IE",0.91,28000
355,026 07 0 165.00,Manager B,Medical,"February 7, 2014",5,0.43,Yes,"H91, GALWAY, GALWAY, IE",0.43,18000
356,026 07 0 167.00,Technical support A,Technical Degree,"May 18, 2016",1,0.33,No,"070, PALMA, BALEARIC ISLANDS, IE",0.33,16000
357,026 07 0 175.00,Administrative,Life Sciences,"June 5, 2015",4,0.41,Yes,"261, LA RIOJA, SPAIN, SP",0.41,31000
358,026 07 0 176.00,Manager A,Other,"May 10, 2013",0,0.41,Yes,"T23, CORK CITY, CORK COUNTY, IE",0.41,28000
359,026 07 0 179.00,Technical support C,Technical Degree,"April 30, 2013",1,0.37,No,"180, GRANADA, ANDALUCIA, SP",0.37,45000
360,026 07 0 181.00,Technical support C,Medical,"October 26, 2015",1,0.31,No,"A94, DUBLIN, DUBLIN, IE",0.31,45000
361,026 07 0 182.00,Manager A,Medical,"April 30, 2013",0,0.09,Yes,"H91, GALWAY, GALWAY, IE",0.09,18000
362,026 07 0 184.00,Manager A,Medical,"October 31, 2016",0,0.1,No,"070, PALMA, BALEARIC ISLANDS, IE",0.1,16000
363,026 07 0 190.00,Technical support A,Life Sciences,"May 31, 2016",4,0.76,No,"261, LA RIOJA, SPAIN, SP",0.76,17000
364,026 07 0 191.00,Technical support C,Medical,"July 3, 2014",0,0.41,No,"T23, CORK CITY, CORK COUNTY, IE",0.41,45000
365,026 07 0 192.00,Technical support C,Marketing,"June 18, 2014",0,0.72,No,"180, GRANADA, ANDALUCIA, SP",0.72,45000
366,026 07 0 194.00,Operator,Medical,"March 9, 2015",0,0.4,No,"A94, DUBLIN, DUBLIN, IE",0.4,45000
367,026 09 0 001.00,Operator,Medical,"December 8, 2014",0,0.91,No,"H91, GALWAY, GALWAY, IE",0.91,45000
368,026 09 0 004.00,Manager A,Marketing,"September 21, 2015",0,0.1,Yes,"070, PALMA, BALEARIC ISLANDS, IE",0.1,31000
369,026 09 0 008.00,Administrative,Technical Degree,"October 5, 2015",4,0.4,No,"261, LA RIOJA, SPAIN, SP",0.4,17000
370,026 09 0 020.00,Commercial sales,Marketing,"September 30, 2014",5,0.82,No,"T23, CORK CITY, CORK COUNTY, IE",0.82,25000
371,026 09 0 021.00,Manager A,Life Sciences,"July 31, 2014",4,0.1,No,"180, GRANADA, ANDALUCIA, SP",0.1,35000
372,026 09 0 028.00,Manager A,Life Sciences,"February 25, 2013",4,0.37,No,"A94, DUBLIN, DUBLIN, IE",0.37,35000
373,026 09 0 030.00,Commercial sales,Life Sciences,"December 16, 2014",4,0.36,No,"H91, GALWAY, GALWAY, IE",0.36,28000
374,026 09 0 031.00,Commercial sales,Life Sciences,"September 15, 2016",4,0.39,No,"070, PALMA, BALEARIC ISLANDS, IE",0.39,28000
375,026 09 0 035.00,Administrative,Medical,"October 3, 2014",2,0.36,No,"261, LA RIOJA, SPAIN, SP",0.36,25000
376,026 09 0 037.00,Technical support C,Life Sciences,"June 4, 2013",0,0.86,No,"T23, CORK CITY, CORK COUNTY, IE",0.86,35000
377,026 09 0 048.00,Technical support C,Other,"September 18, 2014",0,0.73,No,"180, GRANADA, ANDALUCIA, SP",0.73,35000
378,026 09 0 056.00,Operator,Life Sciences,"September 5, 2014",0,0.56,No,"A94, DUBLIN, DUBLIN, IE",0.56,17000
379,026 09 0 060.00,Operator,Life Sciences,"July 15, 2016",1,0.44,No,"H91, GALWAY, GALWAY, IE",0.44,28000
380,026 09 0 061.00,Technical support A,Marketing,"August 27, 2014",3,0.31,No,"070, PALMA, BALEARIC ISLANDS, IE",0.31,17000
381,026 09 0 074.00,Manager A,Life Sciences,"May 27, 2016",1,0.77,Yes,"261, LA RIOJA, SPAIN, SP",0.77,28000
382,026 12 0 016.00,Commercial sales,Marketing,"March 26, 2014",4,0.44,Yes,"T23, CORK CITY, CORK COUNTY, IE",0.44,31000
383,026 13 0 002.02,Operator,Technical Degree,"December 11, 2014",1,0.38,No,"180, GRANADA, ANDALUCIA, SP",0.38,31000
384,026 13 0 005.00,Administrative,Technical Degree,"October 24, 2013",2,0.45,No,"A94, DUBLIN, DUBLIN, IE",0.45,35000
385,026 13 0 009.00,Administrative,Medical,"September 23, 2015",2,0.38,No,"H91, GALWAY, GALWAY, IE",0.38,35000
386,026 13 0 064.00,Administrative,Medical,"July 12, 2016",0,0.36,No,"070, PALMA, BALEARIC ISLANDS, IE",0.36,45000
387,026 16 0 012.00,Administrative,Technical Degree,"August 21, 2015",0,0.75,No,"261, LA RIOJA, SPAIN, SP",0.75,45000
388,026 16 0 014.00,Manager A,Life Sciences,"April 15, 2016",0,0.1,No,"T23, CORK CITY, CORK COUNTY, IE",0.1,28000
389,026 16 0 025.00,Manager A,Marketing,"August 20, 2013",0,0.1,No,"180, GRANADA, ANDALUCIA, SP",0.1,28000
390,026 16 0 025.00,Operator,Life Sciences,"July 15, 2014",1,0.45,No,"A94, DUBLIN, DUBLIN, IE",0.45,28000
391,026 16 0 028.00,Operator,Life Sciences,"October 28, 2016",1,0.42,No,"H91, GALWAY, GALWAY, IE",0.42,28000
392,026 16 0 047.00,Operator,Life Sciences,"July 13, 2016",3,0.78,No,"070, PALMA, BALEARIC ISLANDS, IE",0.78,16000
393,026 16 0 055.00,Operator,Medical,"May 9, 2014",0,0.45,No,"261, LA RIOJA, SPAIN, SP",0.45,25000
394,032 09 0 008.00,Technical support A,Medical,"October 13, 2016",4,0.84,No,"T23, CORK CITY, CORK COUNTY, IE",0.84,28000
395,032 09 0 011.00,Operator,Marketing,"May 27, 2016",3,0.11,No,"180, GRANADA, ANDALUCIA, SP",0.11,25000
396,032 09 0 021.00,Administrative,Medical,"December 1, 2015",2,0.42,No,"A94, DUBLIN, DUBLIN, IE",0.42,31000
397,032 09 0 022.00,Manager A,Medical,"April 15, 2015",1,0.45,No,"H91, GALWAY, GALWAY, IE",0.45,25000
398,032 09 0 035.00,Administrative,Other,"June 9, 2015",2,0.46,No,"070, PALMA, BALEARIC ISLANDS, IE",0.46,16000
399,032 09 0 049.00,Manager A,Life Sciences,"November 30, 2015",2,0.09,No,"261, LA RIOJA, SPAIN, SP",0.09,25000
400,032 09 0 050.00,Manager A,Medical,"November 3, 2015",2,0.87,No,"T23, CORK CITY, CORK COUNTY, IE",0.87,18000
401,032 09 0 051.00,Manager C,Life Sciences,"November 3, 2015",5,0.1,No,"180, GRANADA, ANDALUCIA, SP",0.1,25000
402,032 09 0 057.00,,Life Sciences,"May 12, 2014",1,0.91,No,"A94, DUBLIN, DUBLIN, IE",0.91,25000
403,032 09 0 069.00,Operator,Life Sciences,"January 29, 2016",5,0.76,No,"H91, GALWAY, GALWAY, IE",0.76,35000
404,032 09 0 074.00,Operator,Technical Degree,"July 18, 2016",5,0.74,No,"070, PALMA, BALEARIC ISLANDS, IE",0.74,35000
405,032 09 0 076.00,Technical support A,Marketing,"September 9, 2016",0,0.92,No,"261, LA RIOJA, SPAIN, SP",0.92,35000
406,032 09 0 078.00,Technical support A,Medical,"September 1, 2015",0,0.76,No,"T23, CORK CITY, CORK COUNTY, IE",0.76,35000
407,032 09 0 096.00,Operator,Medical,"October 31, 2013",0,0.47,No,"180, GRANADA, ANDALUCIA, SP",0.47,25000
408,032 09 0 100.00,Operator,Medical,"August 12, 2014",2,0.73,No,"A94, DUBLIN, DUBLIN, IE",0.73,25000
409,032 09 0 112.00,Manager A,Life Sciences,"June 19, 2014",1,0.09,No,"H91, GALWAY, GALWAY, IE",0.09,25000
410,032 09 0 113.00,Manager A,Life Sciences,"March 19, 2015",1,0.91,No,"070, PALMA, BALEARIC ISLANDS, IE",0.91,35000
411,032 09 0 114.00,Manager A,Life Sciences,"September 26, 2014",1,0.82,No,"261, LA RIOJA, SPAIN, SP",0.82,35000
412,032 09 0 127.00,Operator,Life Sciences,"May 7, 2013",1,0.28,No,"T23, CORK CITY, CORK COUNTY, IE",0.28,16000
413,032 09 0 136.00,Manager A,Life Sciences,"June 28, 2013",0,0.84,No,"180, GRANADA, ANDALUCIA, SP",0.84,45000
414,032 09 0 137.00,Manager A,Medical,"June 9, 2015",0,0.45,No,"A94, DUBLIN, DUBLIN, IE",0.45,45000
415,032 09 0 149.00,Technical support C,Technical Degree,"January 23, 2015",5,0.45,No,"H91, GALWAY, GALWAY, IE",0.45,28000
416,032 09 0B 015.00,Technical support C,Technical Degree,"April 17, 2015",5,0.91,No,"070, PALMA, BALEARIC ISLANDS, IE",0.91,
417,032 09 0B 031.00,Administrative,Marketing,"June 30, 2014",1,0.42,No,"261, LA RIOJA, SPAIN, SP",0.42,
418,032 10 0 010.00,Administrative,Life Sciences,"April 21, 2015",2,0.82,No,"T23, CORK CITY, CORK COUNTY, IE",0.82,28000
419,032 10 0 024.00,Operator,Life Sciences,"April 26, 2013",1,0.11,No,"180, GRANADA, ANDALUCIA, SP",0.11,25000
420,032 13 0 001.00,Technical support C,Life Sciences,"September 26, 2014",0,0.42,No,"A94, DUBLIN, DUBLIN, IE",0.42,28000
421,032 13 0 002.00,Technical support C,Life Sciences,"December 17, 2014",0,0.82,No,"H91, GALWAY, GALWAY, IE",0.82,28000
422,032 13 0 003.00,Operator,Medical,"February 26, 2014",0,0.09,Yes,"070, PALMA, BALEARIC ISLANDS, IE",0.09,18000
423,032 13 0 007.00,Operator,Technical Degree,"February 25, 2013",0,0.1,No,"261, LA RIOJA, SPAIN, SP",0.1,28000
424,032 13 0 023.00,Technical support A,Technical Degree,"July 25, 2013",4,0.86,No,"T23, CORK CITY, CORK COUNTY, IE",0.86,25000
425,032 13 0 046.00,Manager A,Other,"November 19, 2013",0,0.4,No,"180, GRANADA, ANDALUCIA, SP",0.4,28000
426,032 13 0 056.00,Manager A,Marketing,"April 20, 2015",0,0.45,No,"A94, DUBLIN, DUBLIN, IE",0.45,28000
427,032 13 0 057.00,Manager B,Life Sciences,"August 21, 2015",1,0.42,No,"H91, GALWAY, GALWAY, IE",0.42,16000
428,032 13 0 067.00,Technical support A,Medical,"May 6, 2014",0,0.74,No,"070, PALMA, BALEARIC ISLANDS, IE",0.74,31000
429,032 13 0 114.00,Technical support A,Marketing,"February 1, 2016",0,0.55,No,"261, LA RIOJA, SPAIN, SP",0.55,28000
430,032 14 0 018.00,Technical support A,Medical,"December 30, 2015",0,0.37,No,"T23, CORK CITY, CORK COUNTY, IE",0.37,28000
431,032 15 0 007.00,Manager A,Life Sciences,"January 30, 2015",1,0.41,No,"180, GRANADA, ANDALUCIA, SP",0.41,16000
432,032 15 0 014.00,Operator,Life Sciences,"June 30, 2015",0,0.89,No,"A94, DUBLIN, DUBLIN, IE",0.89,28000
433,032 15 0 020.00,Operator,Life Sciences,"December 6, 2013",0,0.41,No,"H91, GALWAY, GALWAY, IE",0.41,28000
434,032 15 0 050.00,Operator,Life Sciences,"July 3, 2013",3,0.44,No,"070, PALMA, BALEARIC ISLANDS, IE",0.44,16000
435,032 16 0 008.00,Administrative,Marketing,"March 2, 2015",0,0.87,No,"261, LA RIOJA, SPAIN, SP",0.87,28000
436,033 00 0 124.02,Administrative,Life Sciences,"August 21, 2014",0,0.1,No,"T23, CORK CITY, CORK COUNTY, IE",0.1,28000
437,033 00 0 186.00,Commercial sales,Medical,"May 16, 2016",2,0.41,No,"180, GRANADA, ANDALUCIA, SP",0.41,16000
438,033 00 0 188.00,Manager A,Medical,"August 29, 2014",3,0.11,No,"A94, DUBLIN, DUBLIN, IE",0.11,28000
439,033 00 0 189.00,Manager A,Marketing,"December 1, 2014",3,0.43,No,"H91, GALWAY, GALWAY, IE",0.43,28000
440,033 00 0 208.00,Technical support A,Life Sciences,"February 12, 2016",0,0.77,No,"070, PALMA, BALEARIC ISLANDS, IE",0.77,35000
441,033 00 0 232.00,Technical support A,Life Sciences,"August 22, 2013",0,0.41,No,"261, LA RIOJA, SPAIN, SP",0.41,35000
442,033 01 0 004.00,Technical support A,Human Resources,"November 22, 2013",1,0.41,Yes,"T23, CORK CITY, CORK COUNTY, IE",0.41,28000
443,033 01 0 005.00,Internal Support IT,Other,"May 31, 2013",3,0.36,No,"180, GRANADA, ANDALUCIA, SP",0.36,28000
444,033 01 0 008.00,Manager A,Medical,"August 28, 2014",0,0.77,No,"A94, DUBLIN, DUBLIN, IE",0.77,16000
445,033 02 0 014.00,Commercial sales,Technical Degree,"May 9, 2014",2,0.81,No,"H91, GALWAY, GALWAY, IE",0.81,25000
446,033 02 0 015.00,Operator,Marketing,"November 24, 2015",5,0.39,No,"070, PALMA, BALEARIC ISLANDS, IE",0.39,25000
447,033 02 0 020.00,Operator,Life Sciences,"July 22, 2013",0,0.09,No,"261, LA RIOJA, SPAIN, SP",0.09,28000
448,033 03 0 005.00,Operator,Life Sciences,"December 12, 2014",0,0.44,No,"T23, CORK CITY, CORK COUNTY, IE",0.44,28000
449,033 03 0 006.00,Operator,Marketing,"May 3, 2013",0,0.1,No,"180, GRANADA, ANDALUCIA, SP",0.1,45000
450,033 03 0 007.00,Operator,Life Sciences,"September 26, 2014",0,0.36,No,"A94, DUBLIN, DUBLIN, IE",0.36,45000
451,033 03 0A 087.00,Administrative,Life Sciences,"January 16, 2015",3,0.81,No,,0.81,
452,033 03 0A 089.00,Administrative,Life Sciences,"August 19, 2016",3,0.81,No,,0.81,
453,033 03 0A 097.00,Operator,Medical,"May 1, 2015",1,0.85,No,,0.85,
454,033 03 0A 097.00,Operator,Other,"July 15, 2015",1,0.1,No,,0.1,
455,033 03 0A 100.00,Operator,Life Sciences,"May 26, 2015",1,0.37,No,,0.37,
456,033 03 0A 108.00,Operator,Technical Degree,"August 13, 2013",3,0.09,No,,0.09,
457,033 03 0A 110.00,Manager A,Medical,"January 16, 2015",1,0.44,No,,0.44,
458,033 03 0B 001.00,Manager A,Life Sciences,"December 10, 2013",1,0.86,No,,0.86,
459,033 03 0B 004.00,Administrative,Marketing,"July 31, 2013",0,0.77,No,,0.77,
460,033 03 0B 022.00,Administrative,Other,"February 25, 2016",0,0.41,Yes,,0.41,
461,033 03 0B 023.00,Manager A,Other,"September 16, 2016",0,0.4,No,,0.4,
462,033 03 0B 030.00,Manager A,Medical,"March 28, 2016",0,0.43,No,,0.43,
463,033 03 0B 039.00,Operator,Medical,"July 3, 2013",1,0.43,No,,0.43,
464,033 03 0B 042.00,Manager A,Life Sciences,"April 29, 2014",5,0.8,No,,0.8,
465,033 03 0B 042.00,Technical support A,Technical Degree,"May 18, 2016",1,0.8,Yes,,0.8,
466,033 03 0B 043.00,Manager A,Technical Degree,"September 15, 2016",1,0.82,No,,0.82,
467,033 03 0B 047.00,Manager A,Medical,"May 8, 2015",1,0.37,No,,0.37,
468,033 03 0B 051.00,Operator,Life Sciences,"May 1, 2013",1,0.37,No,,0.37,
469,033 03 0B 052.00,Operator,Medical,"October 21, 2014",1,0.09,No,,0.09,
470,033 03 0B 054.00,Technical support A,Technical Degree,"September 29, 2014",1,0.9,No,,0.9,
471,033 03 0B 059.00,Operator,Other,"October 27, 2014",0,0.41,No,,0.41,
472,033 03 0B 060.00,Operator,Medical,"April 29, 2013",0,0.1,No,,0.1,
473,033 03 0B 065.00,Technical support A,Medical,"July 24, 2015",0,0.44,No,,0.44,
474,033 03 0B 066.00,Manager A,Life Sciences,"October 30, 2014",0,0.89,Yes,,0.89,
475,033 03 0B 067.00,Operator,Life Sciences,"January 11, 2013",0,0.42,No,,0.42,
476,033 03 0B 071.00,Manager C,Medical,"March 8, 2016",0,0.87,No,,0.87,
477,033 03 0B 073.00,Administrative,Marketing,"August 25, 2015",1,0.45,No,,0.45,
478,033 03 0B 075.00,Technical support B,Other,"March 13, 2015",0,0.11,Yes,,0.11,
479,033 03 0B 076.00,Technical support B,Medical,"March 13, 2015",5,0.09,No,,0.09,
480,033 03 0B 079.00,Technical support B,Medical,"June 12, 2015",5,0.76,No,,0.76,
481,033 03 0B 081.00,Manager A,Life Sciences,"March 13, 2015",0,0.11,Yes,,0.11,
482,033 03 0B 085.00,Technical support C,Life Sciences,"March 13, 2014",0,0.37,No,,0.37,
483,033 03 0B 086.00,Operator,Life Sciences,"March 13, 2015",0,0.1,Yes,,0.1,
484,033 03 0B 087.00,Internal Support IT,Medical,"May 5, 2016",2,0.77,No,,0.77,
485,033 03 0B 100.00,Operator,Other,"May 15, 2013",1,0.42,No,,0.42,
486,033 03 0B 100.00,Operator,Medical,"October 14, 2016",1,0.38,No,,0.38,
487,033 03 0B 105.00,Operator,Medical,"October 31, 2016",1,0.32,No,,0.32,
488,033 03 0B 111.00,Administrative,Marketing,"September 30, 2015",0,0.38,No,,0.38,
489,033 03 0B 115.00,Commercial sales,Life Sciences,"August 3, 2015",3,0.19,No,,0.19,
490,033 03 0B 120.00,Commercial sales,Life Sciences,"October 18, 2013",3,0.1,No,,0.1,
491,033 03 0B 121.00,Internal Support IT,Other,"December 17, 2014",0,0.76,No,,0.76,
492,033 03 0B 131.00,Technical support A,Life Sciences,"February 12, 2016",0,0.53,No,,0.53,
493,033 03 0B 132.00,Technical support A,Medical,"July 26, 2013",0,0.39,No,,0.39,
494,033 03 0B 135.00,Manager C,Life Sciences,"August 7, 2015",0,0.11,No,,0.11,
495,033 03 0B 137.00,Operator,Life Sciences,"August 30, 2013",0,0.1,No,,0.1,
496,033 03 0B 139.00,Manager A,Technical Degree,"October 31, 2014",4,0.84,No,,0.84,
497,033 03 0B 140.00,Operator,Marketing,"July 20, 2015",2,0.82,No,,0.82,
498,033 04 0 002.00,Operator,Technical Degree,"April 27, 2015",2,0.1,No,"A94, DUBLIN, DUBLIN, IE",0.1,45000
499,033 04 0 015.00,Operator,Other,"April 29, 2015",0,0.59,Yes,"H91, GALWAY, GALWAY, IE",0.59,28000
500,033 04 0 015.00,Operator,Medical,"October 15, 2015",0,0.44,Yes,"T23, CORK CITY, CORK COUNTY, IE",0.44,31000
